{
  "model_type": "xgboost",
  "timestamp": "2025-12-07T11:57:23.865058",
  "model_params": {
    "n_estimators": 300,
    "max_depth": 6,
    "n_iter_optimize": 50,
    "cv_folds_optimize": 3
  },
  "metrics": {
    "accuracy": 0.7220966747864879,
    "kappa": 0.631812371228301,
    "f1_macro": 0.6954478924563551,
    "f1_weighted": 0.7308604680783388,
    "f1_per_class": {
      "W": 0.8845940242141508,
      "N1": 0.3993470054076115,
      "N2": 0.7295119229656569,
      "N3": 0.7596552824768592,
      "REM": 0.704131227217497
    }
  },
  "confusion_matrix": [
    [
      7964,
      900,
      177,
      29,
      92
    ],
    [
      572,
      1957,
      988,
      31,
      519
    ],
    [
      149,
      2266,
      8826,
      607,
      712
    ],
    [
      23,
      3,
      802,
      2380,
      0
    ],
    [
      136,
      608,
      844,
      11,
      3477
    ]
  ],
  "classification_report": {
    "W": {
      "precision": 0.900497512437811,
      "recall": 0.869242523466492,
      "f1-score": 0.8845940242141508,
      "support": 9162.0
    },
    "N1": {
      "precision": 0.34129752354377396,
      "recall": 0.481190066388001,
      "f1-score": 0.3993470054076115,
      "support": 4067.0
    },
    "N2": {
      "precision": 0.7584428976540345,
      "recall": 0.7027070063694267,
      "f1-score": 0.7295119229656569,
      "support": 12560.0
    },
    "N3": {
      "precision": 0.7782864617396992,
      "recall": 0.7418952618453866,
      "f1-score": 0.7596552824768592,
      "support": 3208.0
    },
    "REM": {
      "precision": 0.724375,
      "recall": 0.6849881796690307,
      "f1-score": 0.704131227217497,
      "support": 5076.0
    },
    "accuracy": 0.7220966747864879,
    "macro avg": {
      "precision": 0.7005798790750639,
      "recall": 0.6960046075476674,
      "f1-score": 0.6954478924563551,
      "support": 34073.0
    },
    "weighted avg": {
      "precision": 0.7436424295190732,
      "recall": 0.7220966747864879,
      "f1-score": 0.7308604680783387,
      "support": 34073.0
    }
  },
  "cv_results": {
    "mean_score": 0.7246958532269352,
    "std_score": 0.020101016812123354,
    "scores": [
      0.6924181782743322,
      0.734131290602999,
      0.7144935837365558,
      0.730279126479292,
      0.7521570870414964
    ],
    "fold_metrics": [
      {
        "fold": 0,
        "train_size": 152426,
        "test_size": 34073,
        "score": 0.6924181782743322
      },
      {
        "fold": 1,
        "train_size": 146566,
        "test_size": 39933,
        "score": 0.734131290602999
      },
      {
        "fold": 2,
        "train_size": 152989,
        "test_size": 33510,
        "score": 0.7144935837365558
      },
      {
        "fold": 3,
        "train_size": 150735,
        "test_size": 35764,
        "score": 0.730279126479292
      },
      {
        "fold": 4,
        "train_size": 150013,
        "test_size": 36486,
        "score": 0.7521570870414964
      }
    ]
  }
}
