{
  "model_type": "random_forest",
  "timestamp": "2025-12-08T09:27:28.863456",
  "model_params": {
    "n_estimators": 495,
    "max_depth": 20,
    "min_samples_split": 14,
    "min_samples_leaf": 1,
    "max_features": "sqrt",
    "class_weight": "balanced_subsample"
  },
  "metrics": {
    "accuracy": 0.7282012150383002,
    "kappa": 0.6347292590397736,
    "f1_macro": 0.6949753670458865,
    "f1_weighted": 0.7335242383040391,
    "f1_per_class": {
      "W": 0.8813391877058178,
      "N1": 0.39774574617969005,
      "N2": 0.744380922546793,
      "N3": 0.7579639889196675,
      "REM": 0.693446989877464
    }
  },
  "confusion_matrix": [
    [
      8029,
      732,
      293,
      17,
      91
    ],
    [
      671,
      1835,
      1176,
      15,
      370
    ],
    [
      169,
      1946,
      9505,
      347,
      593
    ],
    [
      34,
      0,
      984,
      2189,
      1
    ],
    [
      155,
      647,
      1020,
      0,
      3254
    ]
  ],
  "classification_report": {
    "W": {
      "precision": 0.8863987635239567,
      "recall": 0.8763370443134687,
      "f1-score": 0.8813391877058178,
      "support": 9162.0
    },
    "N1": {
      "precision": 0.3556201550387597,
      "recall": 0.45119252520285225,
      "f1-score": 0.39774574617969005,
      "support": 4067.0
    },
    "N2": {
      "precision": 0.7323932809369702,
      "recall": 0.7567675159235668,
      "f1-score": 0.744380922546793,
      "support": 12560.0
    },
    "N3": {
      "precision": 0.8524143302180686,
      "recall": 0.682356608478803,
      "f1-score": 0.7579639889196675,
      "support": 3208.0
    },
    "REM": {
      "precision": 0.7551636110466465,
      "recall": 0.6410559495665878,
      "f1-score": 0.693446989877464,
      "support": 5076.0
    },
    "accuracy": 0.7282012150383002,
    "macro avg": {
      "precision": 0.7163980281528803,
      "recall": 0.6815419286970557,
      "f1-score": 0.6949753670458865,
      "support": 34073.0
    },
    "weighted avg": {
      "precision": 0.7435244302388934,
      "recall": 0.7282012150383002,
      "f1-score": 0.733524238304039,
      "support": 34073.0
    }
  }
}
