{
  "model_type": "xgboost",
  "timestamp": "2025-12-08T14:38:36.262629",
  "model_params": {
    "n_estimators": 413,
    "max_depth": 10,
    "learning_rate": 0.03313286416029904,
    "subsample": 0.7443736026906934,
    "colsample_bytree": 0.6223142659283984,
    "min_child_weight": 4,
    "gamma": 0.7123076394393054,
    "reg_alpha": 0.00048606238525281066,
    "reg_lambda": 0.026977435708790857
  },
  "metrics": {
    "accuracy": 0.7295512575939894,
    "kappa": 0.6388011745696615,
    "f1_macro": 0.6972618057613034,
    "f1_weighted": 0.7350045764276132,
    "f1_per_class": {
      "W": 0.8850423123420156,
      "N1": 0.39943558015847175,
      "N2": 0.7418345237139876,
      "N3": 0.7590126664501462,
      "REM": 0.7009839461418954
    }
  },
  "confusion_matrix": [
    [
      8053,
      776,
      225,
      23,
      85
    ],
    [
      634,
      1840,
      1107,
      36,
      450
    ],
    [
      160,
      1946,
      9244,
      550,
      660
    ],
    [
      28,
      0,
      843,
      2337,
      0
    ],
    [
      161,
      584,
      943,
      4,
      3384
    ]
  ],
  "classification_report": {
    "W": {
      "precision": 0.8912129260734838,
      "recall": 0.8789565597031216,
      "f1-score": 0.8850423123420156,
      "support": 9162.0
    },
    "N1": {
      "precision": 0.35755926933540616,
      "recall": 0.4524219326284731,
      "f1-score": 0.39943558015847175,
      "support": 4067.0
    },
    "N2": {
      "precision": 0.7477754408671736,
      "recall": 0.7359872611464968,
      "f1-score": 0.7418345237139876,
      "support": 12560.0
    },
    "N3": {
      "precision": 0.7922033898305084,
      "recall": 0.7284912718204489,
      "f1-score": 0.7590126664501462,
      "support": 3208.0
    },
    "REM": {
      "precision": 0.7390259882070321,
      "recall": 0.6666666666666666,
      "f1-score": 0.7009839461418954,
      "support": 5076.0
    },
    "accuracy": 0.7295512575939894,
    "macro avg": {
      "precision": 0.7055554028627208,
      "recall": 0.6925047383930413,
      "f1-score": 0.6972618057613034,
      "support": 34073.0
    },
    "weighted avg": {
      "precision": 0.7426475598004055,
      "recall": 0.7295512575939894,
      "f1-score": 0.7350045764276132,
      "support": 34073.0
    }
  }
}
