{
  "model_type": "random_forest",
  "timestamp": "2025-12-07T11:21:59.735949",
  "model_params": {
    "n_estimators": 150,
    "max_depth": 14,
    "n_iter_optimize": 50,
    "cv_folds_optimize": 3
  },
  "metrics": {
    "accuracy": 0.7099756405364952,
    "kappa": 0.6170525022238428,
    "f1_macro": 0.6916198397917244,
    "f1_weighted": 0.722639324089691,
    "f1_per_class": {
      "W": 0.8750210260723297,
      "N1": 0.41409445890665675,
      "N2": 0.7145061084935163,
      "N3": 0.7685761047463175,
      "REM": 0.6859015007398013
    }
  },
  "confusion_matrix": [
    [
      7803,
      982,
      256,
      25,
      96
    ],
    [
      565,
      2227,
      901,
      20,
      354
    ],
    [
      153,
      2643,
      8568,
      506,
      690
    ],
    [
      30,
      0,
      829,
      2348,
      1
    ],
    [
      122,
      837,
      869,
      3,
      3245
    ]
  ],
  "classification_report": {
    "W": {
      "precision": 0.899688689034936,
      "recall": 0.8516699410609038,
      "f1-score": 0.8750210260723297,
      "support": 9162.0
    },
    "N1": {
      "precision": 0.33293466885932127,
      "recall": 0.5475780673715269,
      "f1-score": 0.41409445890665675,
      "support": 4067.0
    },
    "N2": {
      "precision": 0.7500656570077913,
      "recall": 0.6821656050955414,
      "f1-score": 0.7145061084935163,
      "support": 12560.0
    },
    "N3": {
      "precision": 0.8090971743625086,
      "recall": 0.7319201995012469,
      "f1-score": 0.7685761047463175,
      "support": 3208.0
    },
    "REM": {
      "precision": 0.7398540811673506,
      "recall": 0.6392828999211978,
      "f1-score": 0.6859015007398013,
      "support": 5076.0
    },
    "accuracy": 0.7099756405364952,
    "macro avg": {
      "precision": 0.7063280540863814,
      "recall": 0.6905233425900833,
      "f1-score": 0.6916198397917244,
      "support": 34073.0
    },
    "weighted avg": {
      "precision": 0.7445455572026884,
      "recall": 0.7099756405364952,
      "f1-score": 0.722639324089691,
      "support": 34073.0
    }
  },
  "cv_results": {
    "mean_score": 0.7027258543843421,
    "std_score": 0.01766511319061841,
    "scores": [
      0.6795953715665984,
      0.7186684487991883,
      0.6854896547968217,
      0.7055639729791137,
      0.7243118237799878
    ],
    "fold_metrics": [
      {
        "fold": 0,
        "train_size": 152426,
        "test_size": 34073,
        "score": 0.6795953715665984
      },
      {
        "fold": 1,
        "train_size": 146566,
        "test_size": 39933,
        "score": 0.7186684487991883
      },
      {
        "fold": 2,
        "train_size": 152989,
        "test_size": 33510,
        "score": 0.6854896547968217
      },
      {
        "fold": 3,
        "train_size": 150735,
        "test_size": 35764,
        "score": 0.7055639729791137
      },
      {
        "fold": 4,
        "train_size": 150013,
        "test_size": 36486,
        "score": 0.7243118237799878
      }
    ]
  }
}
